{
    "accuracy": 0.47368421052631576,
    "classification_report": {
        "happy": {
            "precision": 0.9375,
            "recall": 0.7894736842105263,
            "f1-score": 0.8571428571428571,
            "support": 19.0
        },
        "neutral": {
            "precision": 0.3333333333333333,
            "recall": 0.05263157894736842,
            "f1-score": 0.09090909090909091,
            "support": 19.0
        },
        "sad": {
            "precision": 0.38461538461538464,
            "recall": 0.2631578947368421,
            "f1-score": 0.3125,
            "support": 19.0
        },
        "surprised": {
            "precision": 0.3409090909090909,
            "recall": 0.7894736842105263,
            "f1-score": 0.47619047619047616,
            "support": 19.0
        },
        "accuracy": 0.47368421052631576,
        "macro avg": {
            "precision": 0.49908945221445217,
            "recall": 0.47368421052631576,
            "f1-score": 0.4341856060606061,
            "support": 76.0
        },
        "weighted avg": {
            "precision": 0.4990894522144522,
            "recall": 0.47368421052631576,
            "f1-score": 0.4341856060606061,
            "support": 76.0
        }
    },
    "execution_time_seconds": 29.970274209976196,
    "hyper_parameters": {
        "au12_threshold": 0.03,
        "au15_threshold": 0.02,
        "au26_threshold": 0.08,
        "au1_threshold": 0.6,
        "au2_threshold": 0.1,
        "au4_threshold": 0.1
    }
}